var,likert,p_value,n_nonmiss
q83_fu21,TRUE,2.665427104804243e-5,75
q6_1_fu1,TRUE,1.3786652408021802e-4,161
q83_fu20,TRUE,5.0610486296825e-4,54
q5_1_fu20,TRUE,0.0010194141683079936,62
q2_2_fu1,TRUE,0.001883556570855389,166
progress_fu21,TRUE,0.004053559299604875,77
q8_1_fu20,TRUE,0.004254006947193271,62
q11_7,TRUE,0.007080722708998939,254
q2_3_fu1,TRUE,0.008947550537957304,165
q12_2,TRUE,0.011434695448184585,254
q13_3,TRUE,0.015430854320053838,254
q85_fu20,TRUE,0.020633677626520606,57
q39_fu20,TRUE,0.028245386526818732,62
q94_13,TRUE,0.028972689637585605,188
q8_1_2_fu1,TRUE,0.031246075349001964,154
q14_3,TRUE,0.0324817829202347,254
score_fu1,TRUE,0.033066569998316815,155
q7_1_5_fu20,TRUE,0.0338560406464828,58
q6_2_fu1,TRUE,0.047607536589842236,161
progress_fu1,TRUE,0.05260195206984343,166
q7_1_7_fu20,TRUE,0.05710665769623367,58
q7_1_8_fu20,TRUE,0.05780871605000786,58
q7_1_4_fu20,TRUE,0.05909305625006583,58
q13_7,TRUE,0.05953315047032319,253
progress_fu20,TRUE,0.060657436903661655,64
q13_6,TRUE,0.06332095740660068,254
q94_10,TRUE,0.06380526399612459,179
q7_10_fu1,TRUE,0.07189031780523583,155
q9_4,TRUE,0.07676009374188904,254
q7_16_fu1,TRUE,0.07723525634110626,155
q13_20,TRUE,0.07964173419626294,254
q13_17,TRUE,0.08830417366710917,254
enddate_fu21,TRUE,0.1028059602271865,77
q8_1_3_fu1,TRUE,0.10609181453781763,151
startdate_fu21,TRUE,0.10905201872876974,77
q89_fu21,TRUE,0.11396093076633552,75
q13_4,TRUE,0.11517443223317694,253
q7_2_1_fu21,TRUE,0.11552062027684575,74
q86_6_fu20,TRUE,0.11581218095964782,57
q86_12_fu20,TRUE,0.11922027378934992,57
q78_fu20,TRUE,0.12340420044820408,58
q84_fu20,TRUE,0.1254304767955957,57
q13_1,TRUE,0.12769994352529787,254
q7_1_3_fu20,TRUE,0.13824491827783664,58
q79_fu20,TRUE,0.14207136398569928,58
q7_2_fu1,TRUE,0.14642225590566957,160
q12_3,TRUE,0.15133942275102433,252
q84_fu21,TRUE,0.1560695995353587,75
q7_1_1_fu21,TRUE,0.1696036078543436,75
q5_3,TRUE,0.1725496579377245,239
q8_2_7_fu1,TRUE,0.1734990523314386,152
q5_2_fu20,TRUE,0.1827475087147852,62
q7_17_fu1,TRUE,0.18740222779362922,155
q6_14_fu20,TRUE,0.19044790676969198,58
q86_6_fu21,TRUE,0.19378374111904698,72
q7_2_2_fu21,TRUE,0.19461371581129022,73
q5_2,TRUE,0.1978515654304356,59
q13_8,TRUE,0.19882623553777376,254
q94_12,TRUE,0.19891153423445926,195
q8_1_1_fu1,TRUE,0.20912013799882337,156
q14_5,TRUE,0.21303564075953707,254
q16_3,TRUE,0.22232645040162272,250
q13_5,TRUE,0.22398999956226714,254
q9_2,TRUE,0.2246361699579633,254
q94_7,TRUE,0.2246772967515359,206
q85_fu21,TRUE,0.22820073090237672,75
q88_fu21,TRUE,0.23181373571031874,75
q7_18_fu1,TRUE,0.23958392293277603,155
q13_10,TRUE,0.23970043354511097,254
q7_1_13_fu21,TRUE,0.25011110900746303,73
date_completed_baseline,TRUE,0.25346965326736454,254
recordeddate,TRUE,0.25347213508952987,254
date_ora_voucher_sent,TRUE,0.26658093952344847,254
q13_9,TRUE,0.26845750438221294,254
q8_1_12_fu1,TRUE,0.27123847071106405,151
q78_fu21,TRUE,0.27217428447298286,75
q79_fu21,TRUE,0.27320007674477664,75
q94_8,TRUE,0.2738282113968129,194
q7_1_10_fu20,TRUE,0.28942045352719736,58
q5_4_fu20,TRUE,0.2910393150859462,61
q13_2,TRUE,0.30095196559662607,251
q13_23,TRUE,0.3102097419695373,254
date_signed,TRUE,0.31054493407943334,254
q81_fu21,TRUE,0.32179910745685136,62
q14_4,TRUE,0.3319113822723725,254
q7_1_11_fu21,TRUE,0.3373105295564509,73
q7_1_2_fu20,TRUE,0.3418415761345538,58
q7_11_fu1,TRUE,0.34411204205158186,155
q7_15_fu1,TRUE,0.348321231732123,155
q7_3_fu1,TRUE,0.3495969773986629,160
enddate,TRUE,0.3531270657676228,254
q6_9_fu20,TRUE,0.35679559124569393,59
q7_2_5_fu21,TRUE,0.36249937314122926,73
q16_5,TRUE,0.37060482542536793,251
q8_2_2_fu1,TRUE,0.3728580484931332,151
q86_13_fu21,TRUE,0.3732701138668546,72
q86_14_fu21,TRUE,0.3819976226749805,72
q6_15_fu20,TRUE,0.38314816801623947,58
q94_5,TRUE,0.39954714652904283,213
q7_4_fu1,TRUE,0.40294914634226836,160
q7_1_6_fu20,TRUE,0.4067933262260869,58
q7_1_3_fu21,TRUE,0.40936853992358074,74
q13_14,TRUE,0.41225398964803234,254
q94_6,TRUE,0.41280948017409763,202
q16_4,TRUE,0.4133715962804524,253
q16_2,TRUE,0.4134423029906879,253
q8_1_10_fu1,TRUE,0.4175350860612998,149
q94_1,TRUE,0.4213721164743406,216
q12_4,TRUE,0.4265572147423124,254
q7_2_7_fu21,TRUE,0.432491453419826,72
q7_14_fu1,TRUE,0.4343689855295831,155
q86_11_fu21,TRUE,0.43473404555538575,72
q86_12_fu21,TRUE,0.44916481450213663,72
q8_1_13_fu1,TRUE,0.45006678851957066,152
q7_2_1_fu20,TRUE,0.4596712212814611,58
q7_2_6_fu20,TRUE,0.46779035498042143,58
q6_5_fu1,TRUE,0.4758697022972649,161
q88_fu20,TRUE,0.48039210121351444,57
q9_1,TRUE,0.48074872181542555,254
q7_1_9_fu21,TRUE,0.4910034557472631,73
recordeddate_fu21,TRUE,0.4960639113139533,77
q8_2_3_fu1,TRUE,0.49693396118378363,152
q86_7_fu21,TRUE,0.4994471505751122,72
q16_1,TRUE,0.503000522477827,253
q6_4_fu20,TRUE,0.5177692871213546,59
q7_1_13_fu20,TRUE,0.52514678809443,58
q7_2_3_fu21,TRUE,0.5300704447434439,73
q7_2_4_fu21,TRUE,0.5315991346926543,74
q6_10_fu20,TRUE,0.5372003876138092,59
date_prep_voucher_sent,TRUE,0.5417971680004472,254
q86_14_fu20,TRUE,0.5442594373934808,57
q86_5_fu20,TRUE,0.547134211732417,57
q7_2_4_fu20,TRUE,0.5474819659085242,58
q7_2_6_fu21,TRUE,0.5525863964005737,74
q86_10_fu21,TRUE,0.5562036564076376,72
q86_2_fu21,TRUE,0.5711686888873972,72
q7_12_fu1,TRUE,0.5775608637107943,155
q8_2_1_fu1,TRUE,0.5783836737748164,153
q8_1_7_fu1,TRUE,0.5788767490375935,151
q86_1_fu20,TRUE,0.5840169615743303,57
q7_2_7_fu20,TRUE,0.5850977244120428,58
q7_1_10_fu21,TRUE,0.5892163300097019,73
q7_1_2_fu21,TRUE,0.5949019750947601,74
q7_2_3_fu20,TRUE,0.5999328554010368,58
q7_2_5_fu20,TRUE,0.6039614313635178,58
q7_1_12_fu21,TRUE,0.608460545800557,73
q14_2,TRUE,0.6129395243313069,254
q7_5_fu1,TRUE,0.613261028267603,159
q7_1_12_fu20,TRUE,0.6196240836232292,58
q6_16_fu20,TRUE,0.6221828828308972,58
q13_15,TRUE,0.6270814837201883,253
q13_18,TRUE,0.6333892050544496,254
q16_7,TRUE,0.6383790250199924,251
q13_22,TRUE,0.6450409221943076,254
q86_7_fu20,TRUE,0.651444315448337,57
q13_21,TRUE,0.6539011593777789,254
q6_18_fu20,TRUE,0.6539195452316956,58
q13_19,TRUE,0.6552559768773145,254
q8_2_8_fu1,TRUE,0.6774335161103228,151
q8_1_4_fu1,TRUE,0.6887536274729932,153
q6_7_fu20,TRUE,0.7100296299303005,59
q6_3_fu20,TRUE,0.7169809142880972,59
q6_13_fu20,TRUE,0.7178491708202195,58
q3_1_fu1,TRUE,0.719382268675706,164
q6_5_fu20,TRUE,0.7251565858010098,59
q6_2_fu20,TRUE,0.731282755165616,59
q9_5,TRUE,0.7370270317602718,39
q80_fu21,TRUE,0.7406021142010405,75
q8_2_5_fu1,TRUE,0.7471087514103845,152
q8_1_5_fu1,TRUE,0.7471844287312758,151
q3_2_fu1,TRUE,0.7487870067074791,164
q86_10_fu20,TRUE,0.7506440267573428,57
q86_2_fu20,TRUE,0.7511854947923903,57
q6_17_fu20,TRUE,0.7649310590798087,58
q86_8_fu20,TRUE,0.7653023397777606,57
q7_19_fu1,TRUE,0.7662114604445663,155
q94_11,TRUE,0.7671975903080437,174
q8_1_11_fu1,TRUE,0.7691790648417784,152
q86_4_fu21,TRUE,0.7746573804065464,72
q6_8_fu20,TRUE,0.7809123105574602,59
q15_1,TRUE,0.7890220939904304,254
q7_2_8_fu20,TRUE,0.7958336620077014,58
q7_1_4_fu21,TRUE,0.7989807529979891,74
q8_1_9_fu1,TRUE,0.8012154651832318,151
q6_19_fu20,TRUE,0.8105917078293933,58
q8_2_4_fu1,TRUE,0.8121398595605416,151
q6_12_fu20,TRUE,0.8216497963122273,58
q7_8_fu1,TRUE,0.8296794318360313,158
q7_13_fu1,TRUE,0.8335227843953743,155
q6_11_fu20,TRUE,0.8403354429050542,58
q5_6_fu1,TRUE,0.8436054184799344,163
q7_2_2_fu20,TRUE,0.8474121480217595,58
q7_6_fu1,TRUE,0.8514615807340856,159
q8_1_8_fu1,TRUE,0.8517422870219924,152
q7_9_fu1,TRUE,0.8647932513692037,156
q8_2_6_fu1,TRUE,0.8729354596345996,152
q86_5_fu21,TRUE,0.8753798598997532,72
q6_6_fu20,TRUE,0.879246656745007,59
q86_13_fu20,TRUE,0.8837051923733298,57
q81_fu20,TRUE,0.8847696393616488,50
q7_2_8_fu21,TRUE,0.8858269653405494,74
q41_fu20,TRUE,0.8893421065224938,62
q10_1_fu20,TRUE,0.8893421065224938,62
q7_1_7_fu21,TRUE,0.8932913947940828,73
q8_1_6_fu1,TRUE,0.9135487178653308,151
q86_1_fu21,TRUE,0.9208541771674473,72
q7_1_6_fu21,TRUE,0.9215215003210728,74
q7_1_8_fu21,TRUE,0.9265947536052672,72
q11_3,TRUE,0.9491866324808963,254
q7_1_11_fu20,TRUE,0.9507390742869867,58
q7_7_fu1,TRUE,0.9551380594702962,159
q7_1_9_fu20,TRUE,0.9577976041048871,58
q80_fu20,TRUE,0.9624080796459293,58
q16_6,TRUE,0.9646493069057367,253
q94_9,TRUE,0.9706713399864376,182
q7_1_5_fu21,TRUE,0.977645268506249,74
q42_fu20,TRUE,0.9778193218774605,62
q5_1_fu1,TRUE,0.9882569639561707,163
q5_5_fu1,TRUE,0.9891701175827,163
q7_1_1_fu20,TRUE,0.9930228883460246,58
q5_2_fu1,TRUE,0.9945858462950298,163
